labels,sentences
1,John and Mary are cheerful .
1,John and Mary are contented .
1,John and Mary are delighted .
1,John and Mary are glad .
1,John and Mary are satisfied .
1,John and Mary are thrilled .
1,John and Mary are pleased .
0,John and Mary are unhappy .
0,John and Mary are bitter .
0,John and Mary are dismal .
0,John and Mary are heartbroken .
0,John and Mary are melancholy .
0,John and Mary are mournful .
0,John and Mary are somber .
0,John and Mary are sorrowful .
1,John and Bob are cheerful .
1,John and Bob are contented .
1,John and Bob are delighted .
1,John and Bob are glad .
1,John and Bob are satisfied .
1,John and Bob are thrilled .
1,John and Bob are pleased .
0,John and Bob are unhappy .
0,John and Bob are bitter .
0,John and Bob are dismal .
0,John and Bob are heartbroken .
0,John and Bob are melancholy .
0,John and Bob are mournful .
0,John and Bob are somber .
0,John and Bob are sorrowful .
1,John and Louis are cheerful .
1,John and Louis are contented .
1,John and Louis are delighted .
1,John and Louis are glad .
1,John and Louis are satisfied .
1,John and Louis are thrilled .
1,John and Louis are pleased .
0,John and Louis are unhappy .
0,John and Louis are bitter .
0,John and Louis are dismal .
0,John and Louis are heartbroken .
0,John and Louis are melancholy .
0,John and Louis are mournful .
0,John and Louis are somber .
0,John and Louis are sorrowful .
1,John and Igor are cheerful .
1,John and Igor are contented .
1,John and Igor are delighted .
1,John and Igor are glad .
1,John and Igor are satisfied .
1,John and Igor are thrilled .
1,John and Igor are pleased .
0,John and Igor are unhappy .
0,John and Igor are bitter .
0,John and Igor are dismal .
0,John and Igor are heartbroken .
0,John and Igor are melancholy .
0,John and Igor are mournful .
0,John and Igor are somber .
0,John and Igor are sorrowful .
1,John and Mike are cheerful .
1,John and Mike are contented .
1,John and Mike are delighted .
1,John and Mike are glad .
1,John and Mike are satisfied .
1,John and Mike are thrilled .
1,John and Mike are pleased .
0,John and Mike are unhappy .
0,John and Mike are bitter .
0,John and Mike are dismal .
0,John and Mike are heartbroken .
0,John and Mike are melancholy .
0,John and Mike are mournful .
0,John and Mike are somber .
0,John and Mike are sorrowful .
1,John and Patricia are cheerful .
1,John and Patricia are contented .
1,John and Patricia are delighted .
1,John and Patricia are glad .
1,John and Patricia are satisfied .
1,John and Patricia are thrilled .
1,John and Patricia are pleased .
0,John and Patricia are unhappy .
0,John and Patricia are bitter .
0,John and Patricia are dismal .
0,John and Patricia are heartbroken .
0,John and Patricia are melancholy .
0,John and Patricia are mournful .
0,John and Patricia are somber .
0,John and Patricia are sorrowful .
1,John and James are cheerful .
1,John and James are contented .
1,John and James are delighted .
1,John and James are glad .
1,John and James are satisfied .
1,John and James are thrilled .
1,John and James are pleased .
0,John and James are unhappy .
0,John and James are bitter .
0,John and James are dismal .
0,John and James are heartbroken .
0,John and James are melancholy .
0,John and James are mournful .
0,John and James are somber .
0,John and James are sorrowful .
1,John and Lisa are cheerful .
1,John and Lisa are contented .
1,John and Lisa are delighted .
1,John and Lisa are glad .
1,John and Lisa are satisfied .
1,John and Lisa are thrilled .
1,John and Lisa are pleased .
0,John and Lisa are unhappy .
0,John and Lisa are bitter .
0,John and Lisa are dismal .
0,John and Lisa are heartbroken .
0,John and Lisa are melancholy .
0,John and Lisa are mournful .
0,John and Lisa are somber .
0,John and Lisa are sorrowful .
1,John and Ashley are cheerful .
1,John and Ashley are contented .
1,John and Ashley are delighted .
1,John and Ashley are glad .
1,John and Ashley are satisfied .
1,John and Ashley are thrilled .
1,John and Ashley are pleased .
0,John and Ashley are unhappy .
0,John and Ashley are bitter .
0,John and Ashley are dismal .
0,John and Ashley are heartbroken .
0,John and Ashley are melancholy .
0,John and Ashley are mournful .
0,John and Ashley are somber .
0,John and Ashley are sorrowful .
1,John and Carol are cheerful .
1,John and Carol are contented .
1,John and Carol are delighted .
1,John and Carol are glad .
1,John and Carol are satisfied .
1,John and Carol are thrilled .
1,John and Carol are pleased .
0,John and Carol are unhappy .
0,John and Carol are bitter .
0,John and Carol are dismal .
0,John and Carol are heartbroken .
0,John and Carol are melancholy .
0,John and Carol are mournful .
0,John and Carol are somber .
0,John and Carol are sorrowful .
1,John and Brenda are cheerful .
1,John and Brenda are contented .
1,John and Brenda are delighted .
1,John and Brenda are glad .
1,John and Brenda are satisfied .
1,John and Brenda are thrilled .
1,John and Brenda are pleased .
0,John and Brenda are unhappy .
0,John and Brenda are bitter .
0,John and Brenda are dismal .
0,John and Brenda are heartbroken .
0,John and Brenda are melancholy .
0,John and Brenda are mournful .
0,John and Brenda are somber .
0,John and Brenda are sorrowful .
1,Mary and John are cheerful .
1,Mary and John are contented .
1,Mary and John are delighted .
1,Mary and John are glad .
1,Mary and John are satisfied .
1,Mary and John are thrilled .
1,Mary and John are pleased .
0,Mary and John are unhappy .
0,Mary and John are bitter .
0,Mary and John are dismal .
0,Mary and John are heartbroken .
0,Mary and John are melancholy .
0,Mary and John are mournful .
0,Mary and John are somber .
0,Mary and John are sorrowful .
1,Mary and Bob are cheerful .
1,Mary and Bob are contented .
1,Mary and Bob are delighted .
1,Mary and Bob are glad .
1,Mary and Bob are satisfied .
1,Mary and Bob are thrilled .
1,Mary and Bob are pleased .
0,Mary and Bob are unhappy .
0,Mary and Bob are bitter .
0,Mary and Bob are dismal .
0,Mary and Bob are heartbroken .
0,Mary and Bob are melancholy .
0,Mary and Bob are mournful .
0,Mary and Bob are somber .
0,Mary and Bob are sorrowful .
1,Mary and Louis are cheerful .
1,Mary and Louis are contented .
1,Mary and Louis are delighted .
1,Mary and Louis are glad .
1,Mary and Louis are satisfied .
1,Mary and Louis are thrilled .
1,Mary and Louis are pleased .
0,Mary and Louis are unhappy .
0,Mary and Louis are bitter .
0,Mary and Louis are dismal .
0,Mary and Louis are heartbroken .
0,Mary and Louis are melancholy .
0,Mary and Louis are mournful .
0,Mary and Louis are somber .
0,Mary and Louis are sorrowful .
1,Mary and Igor are cheerful .
1,Mary and Igor are contented .
1,Mary and Igor are delighted .
1,Mary and Igor are glad .
1,Mary and Igor are satisfied .
1,Mary and Igor are thrilled .
1,Mary and Igor are pleased .
0,Mary and Igor are unhappy .
0,Mary and Igor are bitter .
0,Mary and Igor are dismal .
0,Mary and Igor are heartbroken .
0,Mary and Igor are melancholy .
0,Mary and Igor are mournful .
0,Mary and Igor are somber .
0,Mary and Igor are sorrowful .
1,Mary and Mike are cheerful .
1,Mary and Mike are contented .
1,Mary and Mike are delighted .
1,Mary and Mike are glad .
1,Mary and Mike are satisfied .
1,Mary and Mike are thrilled .
1,Mary and Mike are pleased .
0,Mary and Mike are unhappy .
0,Mary and Mike are bitter .
0,Mary and Mike are dismal .
0,Mary and Mike are heartbroken .
0,Mary and Mike are melancholy .
0,Mary and Mike are mournful .
0,Mary and Mike are somber .
0,Mary and Mike are sorrowful .
1,Mary and Patricia are cheerful .
1,Mary and Patricia are contented .
1,Mary and Patricia are delighted .
1,Mary and Patricia are glad .
1,Mary and Patricia are satisfied .
1,Mary and Patricia are thrilled .
1,Mary and Patricia are pleased .
0,Mary and Patricia are unhappy .
0,Mary and Patricia are bitter .
0,Mary and Patricia are dismal .
0,Mary and Patricia are heartbroken .
0,Mary and Patricia are melancholy .
0,Mary and Patricia are mournful .
0,Mary and Patricia are somber .
0,Mary and Patricia are sorrowful .
1,Mary and James are cheerful .
1,Mary and James are contented .
1,Mary and James are delighted .
1,Mary and James are glad .
1,Mary and James are satisfied .
1,Mary and James are thrilled .
1,Mary and James are pleased .
0,Mary and James are unhappy .
0,Mary and James are bitter .
0,Mary and James are dismal .
0,Mary and James are heartbroken .
0,Mary and James are melancholy .
0,Mary and James are mournful .
0,Mary and James are somber .
0,Mary and James are sorrowful .
1,Mary and Lisa are cheerful .
1,Mary and Lisa are contented .
1,Mary and Lisa are delighted .
1,Mary and Lisa are glad .
1,Mary and Lisa are satisfied .
1,Mary and Lisa are thrilled .
1,Mary and Lisa are pleased .
0,Mary and Lisa are unhappy .
0,Mary and Lisa are bitter .
0,Mary and Lisa are dismal .
0,Mary and Lisa are heartbroken .
0,Mary and Lisa are melancholy .
0,Mary and Lisa are mournful .
0,Mary and Lisa are somber .
0,Mary and Lisa are sorrowful .
1,Mary and Ashley are cheerful .
1,Mary and Ashley are contented .
1,Mary and Ashley are delighted .
1,Mary and Ashley are glad .
1,Mary and Ashley are satisfied .
1,Mary and Ashley are thrilled .
1,Mary and Ashley are pleased .
0,Mary and Ashley are unhappy .
0,Mary and Ashley are bitter .
0,Mary and Ashley are dismal .
0,Mary and Ashley are heartbroken .
0,Mary and Ashley are melancholy .
0,Mary and Ashley are mournful .
0,Mary and Ashley are somber .
0,Mary and Ashley are sorrowful .
1,Mary and Carol are cheerful .
1,Mary and Carol are contented .
1,Mary and Carol are delighted .
1,Mary and Carol are glad .
1,Mary and Carol are satisfied .
1,Mary and Carol are thrilled .
1,Mary and Carol are pleased .
0,Mary and Carol are unhappy .
0,Mary and Carol are bitter .
0,Mary and Carol are dismal .
0,Mary and Carol are heartbroken .
0,Mary and Carol are melancholy .
0,Mary and Carol are mournful .
0,Mary and Carol are somber .
0,Mary and Carol are sorrowful .
1,Mary and Brenda are cheerful .
1,Mary and Brenda are contented .
1,Mary and Brenda are delighted .
1,Mary and Brenda are glad .
1,Mary and Brenda are satisfied .
1,Mary and Brenda are thrilled .
1,Mary and Brenda are pleased .
0,Mary and Brenda are unhappy .
0,Mary and Brenda are bitter .
0,Mary and Brenda are dismal .
0,Mary and Brenda are heartbroken .
0,Mary and Brenda are melancholy .
0,Mary and Brenda are mournful .
0,Mary and Brenda are somber .
0,Mary and Brenda are sorrowful .
1,Bob and John are cheerful .
1,Bob and John are contented .
1,Bob and John are delighted .
1,Bob and John are glad .
1,Bob and John are satisfied .
1,Bob and John are thrilled .
1,Bob and John are pleased .
0,Bob and John are unhappy .
0,Bob and John are bitter .
0,Bob and John are dismal .
0,Bob and John are heartbroken .
0,Bob and John are melancholy .
0,Bob and John are mournful .
0,Bob and John are somber .
0,Bob and John are sorrowful .
1,Bob and Mary are cheerful .
1,Bob and Mary are contented .
1,Bob and Mary are delighted .
1,Bob and Mary are glad .
1,Bob and Mary are satisfied .
1,Bob and Mary are thrilled .
1,Bob and Mary are pleased .
0,Bob and Mary are unhappy .
0,Bob and Mary are bitter .
0,Bob and Mary are dismal .
0,Bob and Mary are heartbroken .
0,Bob and Mary are melancholy .
0,Bob and Mary are mournful .
0,Bob and Mary are somber .
0,Bob and Mary are sorrowful .
1,Bob and Louis are cheerful .
1,Bob and Louis are contented .
1,Bob and Louis are delighted .
1,Bob and Louis are glad .
1,Bob and Louis are satisfied .
1,Bob and Louis are thrilled .
1,Bob and Louis are pleased .
0,Bob and Louis are unhappy .
0,Bob and Louis are bitter .
0,Bob and Louis are dismal .
0,Bob and Louis are heartbroken .
0,Bob and Louis are melancholy .
0,Bob and Louis are mournful .
0,Bob and Louis are somber .
0,Bob and Louis are sorrowful .
1,Bob and Igor are cheerful .
1,Bob and Igor are contented .
1,Bob and Igor are delighted .
1,Bob and Igor are glad .
1,Bob and Igor are satisfied .
1,Bob and Igor are thrilled .
1,Bob and Igor are pleased .
0,Bob and Igor are unhappy .
0,Bob and Igor are bitter .
0,Bob and Igor are dismal .
0,Bob and Igor are heartbroken .
0,Bob and Igor are melancholy .
0,Bob and Igor are mournful .
0,Bob and Igor are somber .
0,Bob and Igor are sorrowful .
1,Bob and Mike are cheerful .
1,Bob and Mike are contented .
1,Bob and Mike are delighted .
1,Bob and Mike are glad .
1,Bob and Mike are satisfied .
1,Bob and Mike are thrilled .
1,Bob and Mike are pleased .
0,Bob and Mike are unhappy .
0,Bob and Mike are bitter .
0,Bob and Mike are dismal .
0,Bob and Mike are heartbroken .
0,Bob and Mike are melancholy .
0,Bob and Mike are mournful .
0,Bob and Mike are somber .
0,Bob and Mike are sorrowful .
1,Bob and Patricia are cheerful .
1,Bob and Patricia are contented .
1,Bob and Patricia are delighted .
1,Bob and Patricia are glad .
1,Bob and Patricia are satisfied .
1,Bob and Patricia are thrilled .
1,Bob and Patricia are pleased .
0,Bob and Patricia are unhappy .
0,Bob and Patricia are bitter .
0,Bob and Patricia are dismal .
0,Bob and Patricia are heartbroken .
0,Bob and Patricia are melancholy .
0,Bob and Patricia are mournful .
0,Bob and Patricia are somber .
0,Bob and Patricia are sorrowful .
1,Bob and James are cheerful .
1,Bob and James are contented .
1,Bob and James are delighted .
1,Bob and James are glad .
1,Bob and James are satisfied .
1,Bob and James are thrilled .
1,Bob and James are pleased .
0,Bob and James are unhappy .
0,Bob and James are bitter .
0,Bob and James are dismal .
0,Bob and James are heartbroken .
0,Bob and James are melancholy .
0,Bob and James are mournful .
0,Bob and James are somber .
0,Bob and James are sorrowful .
1,Bob and Lisa are cheerful .
1,Bob and Lisa are contented .
1,Bob and Lisa are delighted .
1,Bob and Lisa are glad .
1,Bob and Lisa are satisfied .
1,Bob and Lisa are thrilled .
1,Bob and Lisa are pleased .
0,Bob and Lisa are unhappy .
0,Bob and Lisa are bitter .
0,Bob and Lisa are dismal .
0,Bob and Lisa are heartbroken .
0,Bob and Lisa are melancholy .
0,Bob and Lisa are mournful .
0,Bob and Lisa are somber .
0,Bob and Lisa are sorrowful .
1,Bob and Ashley are cheerful .
1,Bob and Ashley are contented .
1,Bob and Ashley are delighted .
1,Bob and Ashley are glad .
1,Bob and Ashley are satisfied .
1,Bob and Ashley are thrilled .
1,Bob and Ashley are pleased .
0,Bob and Ashley are unhappy .
0,Bob and Ashley are bitter .
0,Bob and Ashley are dismal .
0,Bob and Ashley are heartbroken .
0,Bob and Ashley are melancholy .
0,Bob and Ashley are mournful .
0,Bob and Ashley are somber .
0,Bob and Ashley are sorrowful .
1,Bob and Carol are cheerful .
1,Bob and Carol are contented .
1,Bob and Carol are delighted .
1,Bob and Carol are glad .
1,Bob and Carol are satisfied .
1,Bob and Carol are thrilled .
1,Bob and Carol are pleased .
0,Bob and Carol are unhappy .
0,Bob and Carol are bitter .
0,Bob and Carol are dismal .
0,Bob and Carol are heartbroken .
0,Bob and Carol are melancholy .
0,Bob and Carol are mournful .
0,Bob and Carol are somber .
0,Bob and Carol are sorrowful .
1,Bob and Brenda are cheerful .
1,Bob and Brenda are contented .
1,Bob and Brenda are delighted .
1,Bob and Brenda are glad .
1,Bob and Brenda are satisfied .
1,Bob and Brenda are thrilled .
1,Bob and Brenda are pleased .
0,Bob and Brenda are unhappy .
0,Bob and Brenda are bitter .
0,Bob and Brenda are dismal .
0,Bob and Brenda are heartbroken .
0,Bob and Brenda are melancholy .
0,Bob and Brenda are mournful .
0,Bob and Brenda are somber .
0,Bob and Brenda are sorrowful .
1,Louis and John are cheerful .
1,Louis and John are contented .
1,Louis and John are delighted .
1,Louis and John are glad .
1,Louis and John are satisfied .
1,Louis and John are thrilled .
1,Louis and John are pleased .
0,Louis and John are unhappy .
0,Louis and John are bitter .
0,Louis and John are dismal .
0,Louis and John are heartbroken .
0,Louis and John are melancholy .
0,Louis and John are mournful .
0,Louis and John are somber .
0,Louis and John are sorrowful .
1,Louis and Mary are cheerful .
1,Louis and Mary are contented .
1,Louis and Mary are delighted .
1,Louis and Mary are glad .
1,Louis and Mary are satisfied .
1,Louis and Mary are thrilled .
1,Louis and Mary are pleased .
0,Louis and Mary are unhappy .
0,Louis and Mary are bitter .
0,Louis and Mary are dismal .
0,Louis and Mary are heartbroken .
0,Louis and Mary are melancholy .
0,Louis and Mary are mournful .
0,Louis and Mary are somber .
0,Louis and Mary are sorrowful .
1,Louis and Bob are cheerful .
1,Louis and Bob are contented .
1,Louis and Bob are delighted .
1,Louis and Bob are glad .
1,Louis and Bob are satisfied .
1,Louis and Bob are thrilled .
1,Louis and Bob are pleased .
0,Louis and Bob are unhappy .
0,Louis and Bob are bitter .
0,Louis and Bob are dismal .
0,Louis and Bob are heartbroken .
0,Louis and Bob are melancholy .
0,Louis and Bob are mournful .
0,Louis and Bob are somber .
0,Louis and Bob are sorrowful .
1,Louis and Igor are cheerful .
1,Louis and Igor are contented .
1,Louis and Igor are delighted .
1,Louis and Igor are glad .
1,Louis and Igor are satisfied .
1,Louis and Igor are thrilled .
1,Louis and Igor are pleased .
0,Louis and Igor are unhappy .
0,Louis and Igor are bitter .
0,Louis and Igor are dismal .
0,Louis and Igor are heartbroken .
0,Louis and Igor are melancholy .
0,Louis and Igor are mournful .
0,Louis and Igor are somber .
0,Louis and Igor are sorrowful .
1,Louis and Mike are cheerful .
1,Louis and Mike are contented .
1,Louis and Mike are delighted .
1,Louis and Mike are glad .
1,Louis and Mike are satisfied .
1,Louis and Mike are thrilled .
1,Louis and Mike are pleased .
0,Louis and Mike are unhappy .
0,Louis and Mike are bitter .
0,Louis and Mike are dismal .
0,Louis and Mike are heartbroken .
0,Louis and Mike are melancholy .
0,Louis and Mike are mournful .
0,Louis and Mike are somber .
0,Louis and Mike are sorrowful .
1,Louis and Patricia are cheerful .
1,Louis and Patricia are contented .
1,Louis and Patricia are delighted .
1,Louis and Patricia are glad .
1,Louis and Patricia are satisfied .
1,Louis and Patricia are thrilled .
1,Louis and Patricia are pleased .
0,Louis and Patricia are unhappy .
0,Louis and Patricia are bitter .
0,Louis and Patricia are dismal .
0,Louis and Patricia are heartbroken .
0,Louis and Patricia are melancholy .
0,Louis and Patricia are mournful .
0,Louis and Patricia are somber .
0,Louis and Patricia are sorrowful .
1,Louis and James are cheerful .
1,Louis and James are contented .
1,Louis and James are delighted .
1,Louis and James are glad .
1,Louis and James are satisfied .
1,Louis and James are thrilled .
1,Louis and James are pleased .
0,Louis and James are unhappy .
0,Louis and James are bitter .
0,Louis and James are dismal .
0,Louis and James are heartbroken .
0,Louis and James are melancholy .
0,Louis and James are mournful .
0,Louis and James are somber .
0,Louis and James are sorrowful .
1,Louis and Lisa are cheerful .
1,Louis and Lisa are contented .
1,Louis and Lisa are delighted .
1,Louis and Lisa are glad .
1,Louis and Lisa are satisfied .
1,Louis and Lisa are thrilled .
1,Louis and Lisa are pleased .
0,Louis and Lisa are unhappy .
0,Louis and Lisa are bitter .
0,Louis and Lisa are dismal .
0,Louis and Lisa are heartbroken .
0,Louis and Lisa are melancholy .
0,Louis and Lisa are mournful .
0,Louis and Lisa are somber .
0,Louis and Lisa are sorrowful .
1,Louis and Ashley are cheerful .
1,Louis and Ashley are contented .
1,Louis and Ashley are delighted .
1,Louis and Ashley are glad .
1,Louis and Ashley are satisfied .
1,Louis and Ashley are thrilled .
1,Louis and Ashley are pleased .
0,Louis and Ashley are unhappy .
0,Louis and Ashley are bitter .
0,Louis and Ashley are dismal .
0,Louis and Ashley are heartbroken .
0,Louis and Ashley are melancholy .
0,Louis and Ashley are mournful .
0,Louis and Ashley are somber .
0,Louis and Ashley are sorrowful .
1,Louis and Carol are cheerful .
1,Louis and Carol are contented .
1,Louis and Carol are delighted .
1,Louis and Carol are glad .
1,Louis and Carol are satisfied .
1,Louis and Carol are thrilled .
1,Louis and Carol are pleased .
0,Louis and Carol are unhappy .
0,Louis and Carol are bitter .
0,Louis and Carol are dismal .
0,Louis and Carol are heartbroken .
0,Louis and Carol are melancholy .
0,Louis and Carol are mournful .
0,Louis and Carol are somber .
0,Louis and Carol are sorrowful .
1,Louis and Brenda are cheerful .
1,Louis and Brenda are contented .
1,Louis and Brenda are delighted .
1,Louis and Brenda are glad .
1,Louis and Brenda are satisfied .
1,Louis and Brenda are thrilled .
1,Louis and Brenda are pleased .
0,Louis and Brenda are unhappy .
0,Louis and Brenda are bitter .
0,Louis and Brenda are dismal .
0,Louis and Brenda are heartbroken .
0,Louis and Brenda are melancholy .
0,Louis and Brenda are mournful .
0,Louis and Brenda are somber .
0,Louis and Brenda are sorrowful .
1,Igor and John are cheerful .
1,Igor and John are contented .
1,Igor and John are delighted .
1,Igor and John are glad .
1,Igor and John are satisfied .
1,Igor and John are thrilled .
1,Igor and John are pleased .
0,Igor and John are unhappy .
0,Igor and John are bitter .
0,Igor and John are dismal .
0,Igor and John are heartbroken .
0,Igor and John are melancholy .
0,Igor and John are mournful .
0,Igor and John are somber .
0,Igor and John are sorrowful .
1,Igor and Mary are cheerful .
1,Igor and Mary are contented .
1,Igor and Mary are delighted .
1,Igor and Mary are glad .
1,Igor and Mary are satisfied .
1,Igor and Mary are thrilled .
1,Igor and Mary are pleased .
0,Igor and Mary are unhappy .
0,Igor and Mary are bitter .
0,Igor and Mary are dismal .
0,Igor and Mary are heartbroken .
0,Igor and Mary are melancholy .
0,Igor and Mary are mournful .
0,Igor and Mary are somber .
0,Igor and Mary are sorrowful .
1,Igor and Bob are cheerful .
1,Igor and Bob are contented .
1,Igor and Bob are delighted .
1,Igor and Bob are glad .
1,Igor and Bob are satisfied .
1,Igor and Bob are thrilled .
1,Igor and Bob are pleased .
0,Igor and Bob are unhappy .
0,Igor and Bob are bitter .
0,Igor and Bob are dismal .
0,Igor and Bob are heartbroken .
0,Igor and Bob are melancholy .
0,Igor and Bob are mournful .
0,Igor and Bob are somber .
0,Igor and Bob are sorrowful .
1,Igor and Louis are cheerful .
1,Igor and Louis are contented .
1,Igor and Louis are delighted .
1,Igor and Louis are glad .
1,Igor and Louis are satisfied .
1,Igor and Louis are thrilled .
1,Igor and Louis are pleased .
0,Igor and Louis are unhappy .
0,Igor and Louis are bitter .
0,Igor and Louis are dismal .
0,Igor and Louis are heartbroken .
0,Igor and Louis are melancholy .
0,Igor and Louis are mournful .
0,Igor and Louis are somber .
0,Igor and Louis are sorrowful .
1,Igor and Mike are cheerful .
1,Igor and Mike are contented .
1,Igor and Mike are delighted .
1,Igor and Mike are glad .
1,Igor and Mike are satisfied .
1,Igor and Mike are thrilled .
1,Igor and Mike are pleased .
0,Igor and Mike are unhappy .
0,Igor and Mike are bitter .
0,Igor and Mike are dismal .
0,Igor and Mike are heartbroken .
0,Igor and Mike are melancholy .
0,Igor and Mike are mournful .
0,Igor and Mike are somber .
0,Igor and Mike are sorrowful .
1,Igor and Patricia are cheerful .
1,Igor and Patricia are contented .
1,Igor and Patricia are delighted .
1,Igor and Patricia are glad .
1,Igor and Patricia are satisfied .
1,Igor and Patricia are thrilled .
1,Igor and Patricia are pleased .
0,Igor and Patricia are unhappy .
0,Igor and Patricia are bitter .
0,Igor and Patricia are dismal .
0,Igor and Patricia are heartbroken .
0,Igor and Patricia are melancholy .
0,Igor and Patricia are mournful .
0,Igor and Patricia are somber .
0,Igor and Patricia are sorrowful .
1,Igor and James are cheerful .
1,Igor and James are contented .
1,Igor and James are delighted .
1,Igor and James are glad .
1,Igor and James are satisfied .
1,Igor and James are thrilled .
1,Igor and James are pleased .
0,Igor and James are unhappy .
0,Igor and James are bitter .
0,Igor and James are dismal .
0,Igor and James are heartbroken .
0,Igor and James are melancholy .
0,Igor and James are mournful .
0,Igor and James are somber .
0,Igor and James are sorrowful .
1,Igor and Lisa are cheerful .
1,Igor and Lisa are contented .
1,Igor and Lisa are delighted .
1,Igor and Lisa are glad .
1,Igor and Lisa are satisfied .
1,Igor and Lisa are thrilled .
1,Igor and Lisa are pleased .
0,Igor and Lisa are unhappy .
0,Igor and Lisa are bitter .
0,Igor and Lisa are dismal .
0,Igor and Lisa are heartbroken .
0,Igor and Lisa are melancholy .
0,Igor and Lisa are mournful .
0,Igor and Lisa are somber .
0,Igor and Lisa are sorrowful .
1,Igor and Ashley are cheerful .
1,Igor and Ashley are contented .
1,Igor and Ashley are delighted .
1,Igor and Ashley are glad .
1,Igor and Ashley are satisfied .
1,Igor and Ashley are thrilled .
1,Igor and Ashley are pleased .
0,Igor and Ashley are unhappy .
0,Igor and Ashley are bitter .
0,Igor and Ashley are dismal .
0,Igor and Ashley are heartbroken .
0,Igor and Ashley are melancholy .
0,Igor and Ashley are mournful .
0,Igor and Ashley are somber .
0,Igor and Ashley are sorrowful .
1,Igor and Carol are cheerful .
1,Igor and Carol are contented .
1,Igor and Carol are delighted .
1,Igor and Carol are glad .
1,Igor and Carol are satisfied .
1,Igor and Carol are thrilled .
1,Igor and Carol are pleased .
0,Igor and Carol are unhappy .
0,Igor and Carol are bitter .
0,Igor and Carol are dismal .
0,Igor and Carol are heartbroken .
0,Igor and Carol are melancholy .
0,Igor and Carol are mournful .
0,Igor and Carol are somber .
0,Igor and Carol are sorrowful .
1,Igor and Brenda are cheerful .
1,Igor and Brenda are contented .
1,Igor and Brenda are delighted .
1,Igor and Brenda are glad .
1,Igor and Brenda are satisfied .
1,Igor and Brenda are thrilled .
1,Igor and Brenda are pleased .
0,Igor and Brenda are unhappy .
0,Igor and Brenda are bitter .
0,Igor and Brenda are dismal .
0,Igor and Brenda are heartbroken .
0,Igor and Brenda are melancholy .
0,Igor and Brenda are mournful .
0,Igor and Brenda are somber .
0,Igor and Brenda are sorrowful .
1,Mike and John are cheerful .
1,Mike and John are contented .
1,Mike and John are delighted .
1,Mike and John are glad .
1,Mike and John are satisfied .
1,Mike and John are thrilled .
1,Mike and John are pleased .
0,Mike and John are unhappy .
0,Mike and John are bitter .
0,Mike and John are dismal .
0,Mike and John are heartbroken .
0,Mike and John are melancholy .
0,Mike and John are mournful .
0,Mike and John are somber .
0,Mike and John are sorrowful .
1,Mike and Mary are cheerful .
1,Mike and Mary are contented .
1,Mike and Mary are delighted .
1,Mike and Mary are glad .
1,Mike and Mary are satisfied .
1,Mike and Mary are thrilled .
1,Mike and Mary are pleased .
0,Mike and Mary are unhappy .
0,Mike and Mary are bitter .
0,Mike and Mary are dismal .
0,Mike and Mary are heartbroken .
0,Mike and Mary are melancholy .
0,Mike and Mary are mournful .
0,Mike and Mary are somber .
0,Mike and Mary are sorrowful .
1,Mike and Bob are cheerful .
1,Mike and Bob are contented .
1,Mike and Bob are delighted .
1,Mike and Bob are glad .
1,Mike and Bob are satisfied .
1,Mike and Bob are thrilled .
1,Mike and Bob are pleased .
0,Mike and Bob are unhappy .
0,Mike and Bob are bitter .
0,Mike and Bob are dismal .
0,Mike and Bob are heartbroken .
0,Mike and Bob are melancholy .
0,Mike and Bob are mournful .
0,Mike and Bob are somber .
0,Mike and Bob are sorrowful .
1,Mike and Louis are cheerful .
1,Mike and Louis are contented .
1,Mike and Louis are delighted .
1,Mike and Louis are glad .
1,Mike and Louis are satisfied .
1,Mike and Louis are thrilled .
1,Mike and Louis are pleased .
0,Mike and Louis are unhappy .
0,Mike and Louis are bitter .
0,Mike and Louis are dismal .
0,Mike and Louis are heartbroken .
0,Mike and Louis are melancholy .
0,Mike and Louis are mournful .
0,Mike and Louis are somber .
0,Mike and Louis are sorrowful .
1,Mike and Igor are cheerful .
1,Mike and Igor are contented .
1,Mike and Igor are delighted .
1,Mike and Igor are glad .
1,Mike and Igor are satisfied .
1,Mike and Igor are thrilled .
1,Mike and Igor are pleased .
0,Mike and Igor are unhappy .
0,Mike and Igor are bitter .
0,Mike and Igor are dismal .
0,Mike and Igor are heartbroken .
0,Mike and Igor are melancholy .
0,Mike and Igor are mournful .
0,Mike and Igor are somber .
0,Mike and Igor are sorrowful .
1,Mike and Patricia are cheerful .
1,Mike and Patricia are contented .
1,Mike and Patricia are delighted .
1,Mike and Patricia are glad .
1,Mike and Patricia are satisfied .
1,Mike and Patricia are thrilled .
1,Mike and Patricia are pleased .
0,Mike and Patricia are unhappy .
0,Mike and Patricia are bitter .
0,Mike and Patricia are dismal .
0,Mike and Patricia are heartbroken .
0,Mike and Patricia are melancholy .
0,Mike and Patricia are mournful .
0,Mike and Patricia are somber .
0,Mike and Patricia are sorrowful .
1,Mike and James are cheerful .
1,Mike and James are contented .
1,Mike and James are delighted .
1,Mike and James are glad .
1,Mike and James are satisfied .
1,Mike and James are thrilled .
1,Mike and James are pleased .
0,Mike and James are unhappy .
0,Mike and James are bitter .
0,Mike and James are dismal .
0,Mike and James are heartbroken .
0,Mike and James are melancholy .
0,Mike and James are mournful .
0,Mike and James are somber .
0,Mike and James are sorrowful .
1,Mike and Lisa are cheerful .
1,Mike and Lisa are contented .
1,Mike and Lisa are delighted .
1,Mike and Lisa are glad .
1,Mike and Lisa are satisfied .
1,Mike and Lisa are thrilled .
1,Mike and Lisa are pleased .
0,Mike and Lisa are unhappy .
0,Mike and Lisa are bitter .
0,Mike and Lisa are dismal .
0,Mike and Lisa are heartbroken .
0,Mike and Lisa are melancholy .
0,Mike and Lisa are mournful .
0,Mike and Lisa are somber .
0,Mike and Lisa are sorrowful .
1,Mike and Ashley are cheerful .
1,Mike and Ashley are contented .
1,Mike and Ashley are delighted .
1,Mike and Ashley are glad .
1,Mike and Ashley are satisfied .
1,Mike and Ashley are thrilled .
1,Mike and Ashley are pleased .
0,Mike and Ashley are unhappy .
0,Mike and Ashley are bitter .
0,Mike and Ashley are dismal .
0,Mike and Ashley are heartbroken .
0,Mike and Ashley are melancholy .
0,Mike and Ashley are mournful .
0,Mike and Ashley are somber .
0,Mike and Ashley are sorrowful .
1,Mike and Carol are cheerful .
1,Mike and Carol are contented .
1,Mike and Carol are delighted .
1,Mike and Carol are glad .
1,Mike and Carol are satisfied .
1,Mike and Carol are thrilled .
1,Mike and Carol are pleased .
0,Mike and Carol are unhappy .
0,Mike and Carol are bitter .
0,Mike and Carol are dismal .
0,Mike and Carol are heartbroken .
0,Mike and Carol are melancholy .
0,Mike and Carol are mournful .
0,Mike and Carol are somber .
0,Mike and Carol are sorrowful .
1,Mike and Brenda are cheerful .
1,Mike and Brenda are contented .
1,Mike and Brenda are delighted .
1,Mike and Brenda are glad .
1,Mike and Brenda are satisfied .
1,Mike and Brenda are thrilled .
1,Mike and Brenda are pleased .
0,Mike and Brenda are unhappy .
0,Mike and Brenda are bitter .
0,Mike and Brenda are dismal .
0,Mike and Brenda are heartbroken .
0,Mike and Brenda are melancholy .
0,Mike and Brenda are mournful .
0,Mike and Brenda are somber .
0,Mike and Brenda are sorrowful .
1,Patricia and John are cheerful .
1,Patricia and John are contented .
1,Patricia and John are delighted .
1,Patricia and John are glad .
1,Patricia and John are satisfied .
1,Patricia and John are thrilled .
1,Patricia and John are pleased .
0,Patricia and John are unhappy .
0,Patricia and John are bitter .
0,Patricia and John are dismal .
0,Patricia and John are heartbroken .
0,Patricia and John are melancholy .
0,Patricia and John are mournful .
0,Patricia and John are somber .
0,Patricia and John are sorrowful .
1,Patricia and Mary are cheerful .
1,Patricia and Mary are contented .
1,Patricia and Mary are delighted .
1,Patricia and Mary are glad .
1,Patricia and Mary are satisfied .
1,Patricia and Mary are thrilled .
1,Patricia and Mary are pleased .
0,Patricia and Mary are unhappy .
0,Patricia and Mary are bitter .
0,Patricia and Mary are dismal .
0,Patricia and Mary are heartbroken .
0,Patricia and Mary are melancholy .
0,Patricia and Mary are mournful .
0,Patricia and Mary are somber .
0,Patricia and Mary are sorrowful .
1,Patricia and Bob are cheerful .
1,Patricia and Bob are contented .
1,Patricia and Bob are delighted .
1,Patricia and Bob are glad .
1,Patricia and Bob are satisfied .
1,Patricia and Bob are thrilled .
1,Patricia and Bob are pleased .
0,Patricia and Bob are unhappy .
0,Patricia and Bob are bitter .
0,Patricia and Bob are dismal .
0,Patricia and Bob are heartbroken .
0,Patricia and Bob are melancholy .
0,Patricia and Bob are mournful .
0,Patricia and Bob are somber .
0,Patricia and Bob are sorrowful .
1,Patricia and Louis are cheerful .
1,Patricia and Louis are contented .
1,Patricia and Louis are delighted .
1,Patricia and Louis are glad .
1,Patricia and Louis are satisfied .
1,Patricia and Louis are thrilled .
1,Patricia and Louis are pleased .
0,Patricia and Louis are unhappy .
0,Patricia and Louis are bitter .
0,Patricia and Louis are dismal .
0,Patricia and Louis are heartbroken .
0,Patricia and Louis are melancholy .
0,Patricia and Louis are mournful .
0,Patricia and Louis are somber .
0,Patricia and Louis are sorrowful .
1,Patricia and Igor are cheerful .
1,Patricia and Igor are contented .
1,Patricia and Igor are delighted .
1,Patricia and Igor are glad .
1,Patricia and Igor are satisfied .
1,Patricia and Igor are thrilled .
1,Patricia and Igor are pleased .
0,Patricia and Igor are unhappy .
0,Patricia and Igor are bitter .
0,Patricia and Igor are dismal .
0,Patricia and Igor are heartbroken .
0,Patricia and Igor are melancholy .
0,Patricia and Igor are mournful .
0,Patricia and Igor are somber .
0,Patricia and Igor are sorrowful .
1,Patricia and Mike are cheerful .
1,Patricia and Mike are contented .
1,Patricia and Mike are delighted .
1,Patricia and Mike are glad .
1,Patricia and Mike are satisfied .
1,Patricia and Mike are thrilled .
1,Patricia and Mike are pleased .
0,Patricia and Mike are unhappy .
0,Patricia and Mike are bitter .
0,Patricia and Mike are dismal .
0,Patricia and Mike are heartbroken .
0,Patricia and Mike are melancholy .
0,Patricia and Mike are mournful .
0,Patricia and Mike are somber .
0,Patricia and Mike are sorrowful .
1,Patricia and James are cheerful .
1,Patricia and James are contented .
1,Patricia and James are delighted .
1,Patricia and James are glad .
1,Patricia and James are satisfied .
1,Patricia and James are thrilled .
1,Patricia and James are pleased .
0,Patricia and James are unhappy .
0,Patricia and James are bitter .
0,Patricia and James are dismal .
0,Patricia and James are heartbroken .
0,Patricia and James are melancholy .
0,Patricia and James are mournful .
0,Patricia and James are somber .
0,Patricia and James are sorrowful .
1,Patricia and Lisa are cheerful .
1,Patricia and Lisa are contented .
1,Patricia and Lisa are delighted .
1,Patricia and Lisa are glad .
1,Patricia and Lisa are satisfied .
1,Patricia and Lisa are thrilled .
1,Patricia and Lisa are pleased .
0,Patricia and Lisa are unhappy .
0,Patricia and Lisa are bitter .
0,Patricia and Lisa are dismal .
0,Patricia and Lisa are heartbroken .
0,Patricia and Lisa are melancholy .
0,Patricia and Lisa are mournful .
0,Patricia and Lisa are somber .
0,Patricia and Lisa are sorrowful .
1,Patricia and Ashley are cheerful .
1,Patricia and Ashley are contented .
1,Patricia and Ashley are delighted .
1,Patricia and Ashley are glad .
1,Patricia and Ashley are satisfied .
1,Patricia and Ashley are thrilled .
1,Patricia and Ashley are pleased .
0,Patricia and Ashley are unhappy .
0,Patricia and Ashley are bitter .
0,Patricia and Ashley are dismal .
0,Patricia and Ashley are heartbroken .
0,Patricia and Ashley are melancholy .
0,Patricia and Ashley are mournful .
0,Patricia and Ashley are somber .
0,Patricia and Ashley are sorrowful .
1,Patricia and Carol are cheerful .
1,Patricia and Carol are contented .
1,Patricia and Carol are delighted .
1,Patricia and Carol are glad .
1,Patricia and Carol are satisfied .
1,Patricia and Carol are thrilled .
1,Patricia and Carol are pleased .
0,Patricia and Carol are unhappy .
0,Patricia and Carol are bitter .
0,Patricia and Carol are dismal .
0,Patricia and Carol are heartbroken .
0,Patricia and Carol are melancholy .
0,Patricia and Carol are mournful .
0,Patricia and Carol are somber .
0,Patricia and Carol are sorrowful .
1,Patricia and Brenda are cheerful .
1,Patricia and Brenda are contented .
1,Patricia and Brenda are delighted .
1,Patricia and Brenda are glad .
1,Patricia and Brenda are satisfied .
1,Patricia and Brenda are thrilled .
1,Patricia and Brenda are pleased .
0,Patricia and Brenda are unhappy .
0,Patricia and Brenda are bitter .
0,Patricia and Brenda are dismal .
0,Patricia and Brenda are heartbroken .
0,Patricia and Brenda are melancholy .
0,Patricia and Brenda are mournful .
0,Patricia and Brenda are somber .
0,Patricia and Brenda are sorrowful .
1,James and John are cheerful .
1,James and John are contented .
1,James and John are delighted .
1,James and John are glad .
1,James and John are satisfied .
1,James and John are thrilled .
1,James and John are pleased .
0,James and John are unhappy .
0,James and John are bitter .
0,James and John are dismal .
0,James and John are heartbroken .
0,James and John are melancholy .
0,James and John are mournful .
0,James and John are somber .
0,James and John are sorrowful .
1,James and Mary are cheerful .
1,James and Mary are contented .
1,James and Mary are delighted .
1,James and Mary are glad .
1,James and Mary are satisfied .
1,James and Mary are thrilled .
1,James and Mary are pleased .
0,James and Mary are unhappy .
0,James and Mary are bitter .
0,James and Mary are dismal .
0,James and Mary are heartbroken .
0,James and Mary are melancholy .
0,James and Mary are mournful .
0,James and Mary are somber .
0,James and Mary are sorrowful .
1,James and Bob are cheerful .
1,James and Bob are contented .
1,James and Bob are delighted .
1,James and Bob are glad .
1,James and Bob are satisfied .
1,James and Bob are thrilled .
1,James and Bob are pleased .
0,James and Bob are unhappy .
0,James and Bob are bitter .
0,James and Bob are dismal .
0,James and Bob are heartbroken .
0,James and Bob are melancholy .
0,James and Bob are mournful .
0,James and Bob are somber .
0,James and Bob are sorrowful .
1,James and Louis are cheerful .
1,James and Louis are contented .
1,James and Louis are delighted .
1,James and Louis are glad .
1,James and Louis are satisfied .
1,James and Louis are thrilled .
1,James and Louis are pleased .
0,James and Louis are unhappy .
0,James and Louis are bitter .
0,James and Louis are dismal .
0,James and Louis are heartbroken .
0,James and Louis are melancholy .
0,James and Louis are mournful .
0,James and Louis are somber .
0,James and Louis are sorrowful .
1,James and Igor are cheerful .
1,James and Igor are contented .
1,James and Igor are delighted .
1,James and Igor are glad .
1,James and Igor are satisfied .
1,James and Igor are thrilled .
1,James and Igor are pleased .
0,James and Igor are unhappy .
0,James and Igor are bitter .
0,James and Igor are dismal .
0,James and Igor are heartbroken .
0,James and Igor are melancholy .
0,James and Igor are mournful .
0,James and Igor are somber .
0,James and Igor are sorrowful .
1,James and Mike are cheerful .
1,James and Mike are contented .
1,James and Mike are delighted .
1,James and Mike are glad .
1,James and Mike are satisfied .
1,James and Mike are thrilled .
1,James and Mike are pleased .
0,James and Mike are unhappy .
0,James and Mike are bitter .
0,James and Mike are dismal .
0,James and Mike are heartbroken .
0,James and Mike are melancholy .
0,James and Mike are mournful .
0,James and Mike are somber .
0,James and Mike are sorrowful .
1,James and Patricia are cheerful .
1,James and Patricia are contented .
1,James and Patricia are delighted .
1,James and Patricia are glad .
1,James and Patricia are satisfied .
1,James and Patricia are thrilled .
1,James and Patricia are pleased .
0,James and Patricia are unhappy .
0,James and Patricia are bitter .
0,James and Patricia are dismal .
0,James and Patricia are heartbroken .
0,James and Patricia are melancholy .
0,James and Patricia are mournful .
0,James and Patricia are somber .
0,James and Patricia are sorrowful .
1,James and Lisa are cheerful .
1,James and Lisa are contented .
1,James and Lisa are delighted .
1,James and Lisa are glad .
1,James and Lisa are satisfied .
1,James and Lisa are thrilled .
1,James and Lisa are pleased .
0,James and Lisa are unhappy .
0,James and Lisa are bitter .
0,James and Lisa are dismal .
0,James and Lisa are heartbroken .
0,James and Lisa are melancholy .
0,James and Lisa are mournful .
0,James and Lisa are somber .
0,James and Lisa are sorrowful .
1,James and Ashley are cheerful .
1,James and Ashley are contented .
1,James and Ashley are delighted .
1,James and Ashley are glad .
1,James and Ashley are satisfied .
1,James and Ashley are thrilled .
1,James and Ashley are pleased .
0,James and Ashley are unhappy .
0,James and Ashley are bitter .
0,James and Ashley are dismal .
0,James and Ashley are heartbroken .
0,James and Ashley are melancholy .
0,James and Ashley are mournful .
0,James and Ashley are somber .
0,James and Ashley are sorrowful .
1,James and Carol are cheerful .
1,James and Carol are contented .
1,James and Carol are delighted .
1,James and Carol are glad .
1,James and Carol are satisfied .
1,James and Carol are thrilled .
1,James and Carol are pleased .
0,James and Carol are unhappy .
0,James and Carol are bitter .
0,James and Carol are dismal .
0,James and Carol are heartbroken .
0,James and Carol are melancholy .
0,James and Carol are mournful .
0,James and Carol are somber .
0,James and Carol are sorrowful .
1,James and Brenda are cheerful .
1,James and Brenda are contented .
1,James and Brenda are delighted .
1,James and Brenda are glad .
1,James and Brenda are satisfied .
1,James and Brenda are thrilled .
1,James and Brenda are pleased .
0,James and Brenda are unhappy .
0,James and Brenda are bitter .
0,James and Brenda are dismal .
0,James and Brenda are heartbroken .
0,James and Brenda are melancholy .
0,James and Brenda are mournful .
0,James and Brenda are somber .
0,James and Brenda are sorrowful .
1,Lisa and John are cheerful .
1,Lisa and John are contented .
1,Lisa and John are delighted .
1,Lisa and John are glad .
1,Lisa and John are satisfied .
1,Lisa and John are thrilled .
1,Lisa and John are pleased .
0,Lisa and John are unhappy .
0,Lisa and John are bitter .
0,Lisa and John are dismal .
0,Lisa and John are heartbroken .
0,Lisa and John are melancholy .
0,Lisa and John are mournful .
0,Lisa and John are somber .
0,Lisa and John are sorrowful .
1,Lisa and Mary are cheerful .
1,Lisa and Mary are contented .
1,Lisa and Mary are delighted .
1,Lisa and Mary are glad .
1,Lisa and Mary are satisfied .
1,Lisa and Mary are thrilled .
1,Lisa and Mary are pleased .
0,Lisa and Mary are unhappy .
0,Lisa and Mary are bitter .
0,Lisa and Mary are dismal .
0,Lisa and Mary are heartbroken .
0,Lisa and Mary are melancholy .
0,Lisa and Mary are mournful .
0,Lisa and Mary are somber .
0,Lisa and Mary are sorrowful .
1,Lisa and Bob are cheerful .
1,Lisa and Bob are contented .
1,Lisa and Bob are delighted .
1,Lisa and Bob are glad .
1,Lisa and Bob are satisfied .
1,Lisa and Bob are thrilled .
1,Lisa and Bob are pleased .
0,Lisa and Bob are unhappy .
0,Lisa and Bob are bitter .
0,Lisa and Bob are dismal .
0,Lisa and Bob are heartbroken .
0,Lisa and Bob are melancholy .
0,Lisa and Bob are mournful .
0,Lisa and Bob are somber .
0,Lisa and Bob are sorrowful .
1,Lisa and Louis are cheerful .
1,Lisa and Louis are contented .
1,Lisa and Louis are delighted .
1,Lisa and Louis are glad .
1,Lisa and Louis are satisfied .
1,Lisa and Louis are thrilled .
1,Lisa and Louis are pleased .
0,Lisa and Louis are unhappy .
0,Lisa and Louis are bitter .
0,Lisa and Louis are dismal .
0,Lisa and Louis are heartbroken .
0,Lisa and Louis are melancholy .
0,Lisa and Louis are mournful .
0,Lisa and Louis are somber .
0,Lisa and Louis are sorrowful .
1,Lisa and Igor are cheerful .
1,Lisa and Igor are contented .
1,Lisa and Igor are delighted .
1,Lisa and Igor are glad .
1,Lisa and Igor are satisfied .
1,Lisa and Igor are thrilled .
1,Lisa and Igor are pleased .
0,Lisa and Igor are unhappy .
0,Lisa and Igor are bitter .
0,Lisa and Igor are dismal .
0,Lisa and Igor are heartbroken .
0,Lisa and Igor are melancholy .
0,Lisa and Igor are mournful .
0,Lisa and Igor are somber .
0,Lisa and Igor are sorrowful .
1,Lisa and Mike are cheerful .
1,Lisa and Mike are contented .
1,Lisa and Mike are delighted .
1,Lisa and Mike are glad .
1,Lisa and Mike are satisfied .
1,Lisa and Mike are thrilled .
1,Lisa and Mike are pleased .
0,Lisa and Mike are unhappy .
0,Lisa and Mike are bitter .
0,Lisa and Mike are dismal .
0,Lisa and Mike are heartbroken .
0,Lisa and Mike are melancholy .
0,Lisa and Mike are mournful .
0,Lisa and Mike are somber .
0,Lisa and Mike are sorrowful .
1,Lisa and Patricia are cheerful .
1,Lisa and Patricia are contented .
1,Lisa and Patricia are delighted .
1,Lisa and Patricia are glad .
1,Lisa and Patricia are satisfied .
1,Lisa and Patricia are thrilled .
1,Lisa and Patricia are pleased .
0,Lisa and Patricia are unhappy .
0,Lisa and Patricia are bitter .
0,Lisa and Patricia are dismal .
0,Lisa and Patricia are heartbroken .
0,Lisa and Patricia are melancholy .
0,Lisa and Patricia are mournful .
0,Lisa and Patricia are somber .
0,Lisa and Patricia are sorrowful .
1,Lisa and James are cheerful .
1,Lisa and James are contented .
1,Lisa and James are delighted .
1,Lisa and James are glad .
1,Lisa and James are satisfied .
1,Lisa and James are thrilled .
1,Lisa and James are pleased .
0,Lisa and James are unhappy .
0,Lisa and James are bitter .
0,Lisa and James are dismal .
0,Lisa and James are heartbroken .
0,Lisa and James are melancholy .
0,Lisa and James are mournful .
0,Lisa and James are somber .
0,Lisa and James are sorrowful .
1,Lisa and Ashley are cheerful .
1,Lisa and Ashley are contented .
1,Lisa and Ashley are delighted .
1,Lisa and Ashley are glad .
1,Lisa and Ashley are satisfied .
1,Lisa and Ashley are thrilled .
1,Lisa and Ashley are pleased .
0,Lisa and Ashley are unhappy .
0,Lisa and Ashley are bitter .
0,Lisa and Ashley are dismal .
0,Lisa and Ashley are heartbroken .
0,Lisa and Ashley are melancholy .
0,Lisa and Ashley are mournful .
0,Lisa and Ashley are somber .
0,Lisa and Ashley are sorrowful .
1,Lisa and Carol are cheerful .
1,Lisa and Carol are contented .
1,Lisa and Carol are delighted .
1,Lisa and Carol are glad .
1,Lisa and Carol are satisfied .
1,Lisa and Carol are thrilled .
1,Lisa and Carol are pleased .
0,Lisa and Carol are unhappy .
0,Lisa and Carol are bitter .
0,Lisa and Carol are dismal .
0,Lisa and Carol are heartbroken .
0,Lisa and Carol are melancholy .
0,Lisa and Carol are mournful .
0,Lisa and Carol are somber .
0,Lisa and Carol are sorrowful .
1,Lisa and Brenda are cheerful .
1,Lisa and Brenda are contented .
1,Lisa and Brenda are delighted .
1,Lisa and Brenda are glad .
1,Lisa and Brenda are satisfied .
1,Lisa and Brenda are thrilled .
1,Lisa and Brenda are pleased .
0,Lisa and Brenda are unhappy .
0,Lisa and Brenda are bitter .
0,Lisa and Brenda are dismal .
0,Lisa and Brenda are heartbroken .
0,Lisa and Brenda are melancholy .
0,Lisa and Brenda are mournful .
0,Lisa and Brenda are somber .
0,Lisa and Brenda are sorrowful .
1,Ashley and John are cheerful .
1,Ashley and John are contented .
1,Ashley and John are delighted .
1,Ashley and John are glad .
1,Ashley and John are satisfied .
1,Ashley and John are thrilled .
1,Ashley and John are pleased .
0,Ashley and John are unhappy .
0,Ashley and John are bitter .
0,Ashley and John are dismal .
0,Ashley and John are heartbroken .
0,Ashley and John are melancholy .
0,Ashley and John are mournful .
0,Ashley and John are somber .
0,Ashley and John are sorrowful .
1,Ashley and Mary are cheerful .
1,Ashley and Mary are contented .
1,Ashley and Mary are delighted .
1,Ashley and Mary are glad .
1,Ashley and Mary are satisfied .
1,Ashley and Mary are thrilled .
1,Ashley and Mary are pleased .
0,Ashley and Mary are unhappy .
0,Ashley and Mary are bitter .
0,Ashley and Mary are dismal .
0,Ashley and Mary are heartbroken .
0,Ashley and Mary are melancholy .
0,Ashley and Mary are mournful .
0,Ashley and Mary are somber .
0,Ashley and Mary are sorrowful .
1,Ashley and Bob are cheerful .
1,Ashley and Bob are contented .
1,Ashley and Bob are delighted .
1,Ashley and Bob are glad .
1,Ashley and Bob are satisfied .
1,Ashley and Bob are thrilled .
1,Ashley and Bob are pleased .
0,Ashley and Bob are unhappy .
0,Ashley and Bob are bitter .
0,Ashley and Bob are dismal .
0,Ashley and Bob are heartbroken .
0,Ashley and Bob are melancholy .
0,Ashley and Bob are mournful .
0,Ashley and Bob are somber .
0,Ashley and Bob are sorrowful .
1,Ashley and Louis are cheerful .
1,Ashley and Louis are contented .
1,Ashley and Louis are delighted .
1,Ashley and Louis are glad .
1,Ashley and Louis are satisfied .
1,Ashley and Louis are thrilled .
1,Ashley and Louis are pleased .
0,Ashley and Louis are unhappy .
0,Ashley and Louis are bitter .
0,Ashley and Louis are dismal .
0,Ashley and Louis are heartbroken .
0,Ashley and Louis are melancholy .
0,Ashley and Louis are mournful .
0,Ashley and Louis are somber .
0,Ashley and Louis are sorrowful .
1,Ashley and Igor are cheerful .
1,Ashley and Igor are contented .
1,Ashley and Igor are delighted .
1,Ashley and Igor are glad .
1,Ashley and Igor are satisfied .
1,Ashley and Igor are thrilled .
1,Ashley and Igor are pleased .
0,Ashley and Igor are unhappy .
0,Ashley and Igor are bitter .
0,Ashley and Igor are dismal .
0,Ashley and Igor are heartbroken .
0,Ashley and Igor are melancholy .
0,Ashley and Igor are mournful .
0,Ashley and Igor are somber .
0,Ashley and Igor are sorrowful .
1,Ashley and Mike are cheerful .
1,Ashley and Mike are contented .
1,Ashley and Mike are delighted .
1,Ashley and Mike are glad .
1,Ashley and Mike are satisfied .
1,Ashley and Mike are thrilled .
1,Ashley and Mike are pleased .
0,Ashley and Mike are unhappy .
0,Ashley and Mike are bitter .
0,Ashley and Mike are dismal .
0,Ashley and Mike are heartbroken .
0,Ashley and Mike are melancholy .
0,Ashley and Mike are mournful .
0,Ashley and Mike are somber .
0,Ashley and Mike are sorrowful .
1,Ashley and Patricia are cheerful .
1,Ashley and Patricia are contented .
1,Ashley and Patricia are delighted .
1,Ashley and Patricia are glad .
1,Ashley and Patricia are satisfied .
1,Ashley and Patricia are thrilled .
1,Ashley and Patricia are pleased .
0,Ashley and Patricia are unhappy .
0,Ashley and Patricia are bitter .
0,Ashley and Patricia are dismal .
0,Ashley and Patricia are heartbroken .
0,Ashley and Patricia are melancholy .
0,Ashley and Patricia are mournful .
0,Ashley and Patricia are somber .
0,Ashley and Patricia are sorrowful .
1,Ashley and James are cheerful .
1,Ashley and James are contented .
1,Ashley and James are delighted .
1,Ashley and James are glad .
1,Ashley and James are satisfied .
1,Ashley and James are thrilled .
1,Ashley and James are pleased .
0,Ashley and James are unhappy .
0,Ashley and James are bitter .
0,Ashley and James are dismal .
0,Ashley and James are heartbroken .
0,Ashley and James are melancholy .
0,Ashley and James are mournful .
0,Ashley and James are somber .
0,Ashley and James are sorrowful .
1,Ashley and Lisa are cheerful .
1,Ashley and Lisa are contented .
1,Ashley and Lisa are delighted .
1,Ashley and Lisa are glad .
1,Ashley and Lisa are satisfied .
1,Ashley and Lisa are thrilled .
1,Ashley and Lisa are pleased .
0,Ashley and Lisa are unhappy .
0,Ashley and Lisa are bitter .
0,Ashley and Lisa are dismal .
0,Ashley and Lisa are heartbroken .
0,Ashley and Lisa are melancholy .
0,Ashley and Lisa are mournful .
0,Ashley and Lisa are somber .
0,Ashley and Lisa are sorrowful .
1,Ashley and Carol are cheerful .
1,Ashley and Carol are contented .
1,Ashley and Carol are delighted .
1,Ashley and Carol are glad .
1,Ashley and Carol are satisfied .
1,Ashley and Carol are thrilled .
1,Ashley and Carol are pleased .
0,Ashley and Carol are unhappy .
0,Ashley and Carol are bitter .
0,Ashley and Carol are dismal .
0,Ashley and Carol are heartbroken .
0,Ashley and Carol are melancholy .
0,Ashley and Carol are mournful .
0,Ashley and Carol are somber .
0,Ashley and Carol are sorrowful .
1,Ashley and Brenda are cheerful .
1,Ashley and Brenda are contented .
1,Ashley and Brenda are delighted .
1,Ashley and Brenda are glad .
1,Ashley and Brenda are satisfied .
1,Ashley and Brenda are thrilled .
1,Ashley and Brenda are pleased .
0,Ashley and Brenda are unhappy .
0,Ashley and Brenda are bitter .
0,Ashley and Brenda are dismal .
0,Ashley and Brenda are heartbroken .
0,Ashley and Brenda are melancholy .
0,Ashley and Brenda are mournful .
0,Ashley and Brenda are somber .
0,Ashley and Brenda are sorrowful .
1,Carol and John are cheerful .
1,Carol and John are contented .
1,Carol and John are delighted .
1,Carol and John are glad .
1,Carol and John are satisfied .
1,Carol and John are thrilled .
1,Carol and John are pleased .
0,Carol and John are unhappy .
0,Carol and John are bitter .
0,Carol and John are dismal .
0,Carol and John are heartbroken .
0,Carol and John are melancholy .
0,Carol and John are mournful .
0,Carol and John are somber .
0,Carol and John are sorrowful .
1,Carol and Mary are cheerful .
1,Carol and Mary are contented .
1,Carol and Mary are delighted .
1,Carol and Mary are glad .
1,Carol and Mary are satisfied .
1,Carol and Mary are thrilled .
1,Carol and Mary are pleased .
0,Carol and Mary are unhappy .
0,Carol and Mary are bitter .
0,Carol and Mary are dismal .
0,Carol and Mary are heartbroken .
0,Carol and Mary are melancholy .
0,Carol and Mary are mournful .
0,Carol and Mary are somber .
0,Carol and Mary are sorrowful .
1,Carol and Bob are cheerful .
1,Carol and Bob are contented .
1,Carol and Bob are delighted .
1,Carol and Bob are glad .
1,Carol and Bob are satisfied .
1,Carol and Bob are thrilled .
1,Carol and Bob are pleased .
0,Carol and Bob are unhappy .
0,Carol and Bob are bitter .
0,Carol and Bob are dismal .
0,Carol and Bob are heartbroken .
0,Carol and Bob are melancholy .
0,Carol and Bob are mournful .
0,Carol and Bob are somber .
0,Carol and Bob are sorrowful .
1,Carol and Louis are cheerful .
1,Carol and Louis are contented .
1,Carol and Louis are delighted .
1,Carol and Louis are glad .
1,Carol and Louis are satisfied .
1,Carol and Louis are thrilled .
1,Carol and Louis are pleased .
0,Carol and Louis are unhappy .
0,Carol and Louis are bitter .
0,Carol and Louis are dismal .
0,Carol and Louis are heartbroken .
0,Carol and Louis are melancholy .
0,Carol and Louis are mournful .
0,Carol and Louis are somber .
0,Carol and Louis are sorrowful .
1,Carol and Igor are cheerful .
1,Carol and Igor are contented .
1,Carol and Igor are delighted .
1,Carol and Igor are glad .
1,Carol and Igor are satisfied .
1,Carol and Igor are thrilled .
1,Carol and Igor are pleased .
0,Carol and Igor are unhappy .
0,Carol and Igor are bitter .
0,Carol and Igor are dismal .
0,Carol and Igor are heartbroken .
0,Carol and Igor are melancholy .
0,Carol and Igor are mournful .
0,Carol and Igor are somber .
0,Carol and Igor are sorrowful .
1,Carol and Mike are cheerful .
1,Carol and Mike are contented .
1,Carol and Mike are delighted .
1,Carol and Mike are glad .
1,Carol and Mike are satisfied .
1,Carol and Mike are thrilled .
1,Carol and Mike are pleased .
0,Carol and Mike are unhappy .
0,Carol and Mike are bitter .
0,Carol and Mike are dismal .
0,Carol and Mike are heartbroken .
0,Carol and Mike are melancholy .
0,Carol and Mike are mournful .
0,Carol and Mike are somber .
0,Carol and Mike are sorrowful .
1,Carol and Patricia are cheerful .
1,Carol and Patricia are contented .
1,Carol and Patricia are delighted .
1,Carol and Patricia are glad .
1,Carol and Patricia are satisfied .
1,Carol and Patricia are thrilled .
1,Carol and Patricia are pleased .
0,Carol and Patricia are unhappy .
0,Carol and Patricia are bitter .
0,Carol and Patricia are dismal .
0,Carol and Patricia are heartbroken .
0,Carol and Patricia are melancholy .
0,Carol and Patricia are mournful .
0,Carol and Patricia are somber .
0,Carol and Patricia are sorrowful .
1,Carol and James are cheerful .
1,Carol and James are contented .
1,Carol and James are delighted .
1,Carol and James are glad .
1,Carol and James are satisfied .
1,Carol and James are thrilled .
1,Carol and James are pleased .
0,Carol and James are unhappy .
0,Carol and James are bitter .
0,Carol and James are dismal .
0,Carol and James are heartbroken .
0,Carol and James are melancholy .
0,Carol and James are mournful .
0,Carol and James are somber .
0,Carol and James are sorrowful .
1,Carol and Lisa are cheerful .
1,Carol and Lisa are contented .
1,Carol and Lisa are delighted .
1,Carol and Lisa are glad .
1,Carol and Lisa are satisfied .
1,Carol and Lisa are thrilled .
1,Carol and Lisa are pleased .
0,Carol and Lisa are unhappy .
0,Carol and Lisa are bitter .
0,Carol and Lisa are dismal .
0,Carol and Lisa are heartbroken .
0,Carol and Lisa are melancholy .
0,Carol and Lisa are mournful .
0,Carol and Lisa are somber .
0,Carol and Lisa are sorrowful .
1,Carol and Ashley are cheerful .
1,Carol and Ashley are contented .
1,Carol and Ashley are delighted .
1,Carol and Ashley are glad .
1,Carol and Ashley are satisfied .
1,Carol and Ashley are thrilled .
1,Carol and Ashley are pleased .
0,Carol and Ashley are unhappy .
0,Carol and Ashley are bitter .
0,Carol and Ashley are dismal .
0,Carol and Ashley are heartbroken .
0,Carol and Ashley are melancholy .
0,Carol and Ashley are mournful .
0,Carol and Ashley are somber .
0,Carol and Ashley are sorrowful .
1,Carol and Brenda are cheerful .
1,Carol and Brenda are contented .
1,Carol and Brenda are delighted .
1,Carol and Brenda are glad .
1,Carol and Brenda are satisfied .
1,Carol and Brenda are thrilled .
1,Carol and Brenda are pleased .
0,Carol and Brenda are unhappy .
0,Carol and Brenda are bitter .
0,Carol and Brenda are dismal .
0,Carol and Brenda are heartbroken .
0,Carol and Brenda are melancholy .
0,Carol and Brenda are mournful .
0,Carol and Brenda are somber .
0,Carol and Brenda are sorrowful .
1,Brenda and John are cheerful .
1,Brenda and John are contented .
1,Brenda and John are delighted .
1,Brenda and John are glad .
1,Brenda and John are satisfied .
1,Brenda and John are thrilled .
1,Brenda and John are pleased .
0,Brenda and John are unhappy .
0,Brenda and John are bitter .
0,Brenda and John are dismal .
0,Brenda and John are heartbroken .
0,Brenda and John are melancholy .
0,Brenda and John are mournful .
0,Brenda and John are somber .
0,Brenda and John are sorrowful .
1,Brenda and Mary are cheerful .
1,Brenda and Mary are contented .
1,Brenda and Mary are delighted .
1,Brenda and Mary are glad .
1,Brenda and Mary are satisfied .
1,Brenda and Mary are thrilled .
1,Brenda and Mary are pleased .
0,Brenda and Mary are unhappy .
0,Brenda and Mary are bitter .
0,Brenda and Mary are dismal .
0,Brenda and Mary are heartbroken .
0,Brenda and Mary are melancholy .
0,Brenda and Mary are mournful .
0,Brenda and Mary are somber .
0,Brenda and Mary are sorrowful .
1,Brenda and Bob are cheerful .
1,Brenda and Bob are contented .
1,Brenda and Bob are delighted .
1,Brenda and Bob are glad .
1,Brenda and Bob are satisfied .
1,Brenda and Bob are thrilled .
1,Brenda and Bob are pleased .
0,Brenda and Bob are unhappy .
0,Brenda and Bob are bitter .
0,Brenda and Bob are dismal .
0,Brenda and Bob are heartbroken .
0,Brenda and Bob are melancholy .
0,Brenda and Bob are mournful .
0,Brenda and Bob are somber .
0,Brenda and Bob are sorrowful .
1,Brenda and Louis are cheerful .
1,Brenda and Louis are contented .
1,Brenda and Louis are delighted .
1,Brenda and Louis are glad .
1,Brenda and Louis are satisfied .
1,Brenda and Louis are thrilled .
1,Brenda and Louis are pleased .
0,Brenda and Louis are unhappy .
0,Brenda and Louis are bitter .
0,Brenda and Louis are dismal .
0,Brenda and Louis are heartbroken .
0,Brenda and Louis are melancholy .
0,Brenda and Louis are mournful .
0,Brenda and Louis are somber .
0,Brenda and Louis are sorrowful .
1,Brenda and Igor are cheerful .
1,Brenda and Igor are contented .
1,Brenda and Igor are delighted .
1,Brenda and Igor are glad .
1,Brenda and Igor are satisfied .
1,Brenda and Igor are thrilled .
1,Brenda and Igor are pleased .
0,Brenda and Igor are unhappy .
0,Brenda and Igor are bitter .
0,Brenda and Igor are dismal .
0,Brenda and Igor are heartbroken .
0,Brenda and Igor are melancholy .
0,Brenda and Igor are mournful .
0,Brenda and Igor are somber .
0,Brenda and Igor are sorrowful .
1,Brenda and Mike are cheerful .
1,Brenda and Mike are contented .
1,Brenda and Mike are delighted .
1,Brenda and Mike are glad .
1,Brenda and Mike are satisfied .
1,Brenda and Mike are thrilled .
1,Brenda and Mike are pleased .
0,Brenda and Mike are unhappy .
0,Brenda and Mike are bitter .
0,Brenda and Mike are dismal .
0,Brenda and Mike are heartbroken .
0,Brenda and Mike are melancholy .
0,Brenda and Mike are mournful .
0,Brenda and Mike are somber .
0,Brenda and Mike are sorrowful .
1,Brenda and Patricia are cheerful .
1,Brenda and Patricia are contented .
1,Brenda and Patricia are delighted .
1,Brenda and Patricia are glad .
1,Brenda and Patricia are satisfied .
1,Brenda and Patricia are thrilled .
1,Brenda and Patricia are pleased .
0,Brenda and Patricia are unhappy .
0,Brenda and Patricia are bitter .
0,Brenda and Patricia are dismal .
0,Brenda and Patricia are heartbroken .
0,Brenda and Patricia are melancholy .
0,Brenda and Patricia are mournful .
0,Brenda and Patricia are somber .
0,Brenda and Patricia are sorrowful .
1,Brenda and James are cheerful .
1,Brenda and James are contented .
1,Brenda and James are delighted .
1,Brenda and James are glad .
1,Brenda and James are satisfied .
1,Brenda and James are thrilled .
1,Brenda and James are pleased .
0,Brenda and James are unhappy .
0,Brenda and James are bitter .
0,Brenda and James are dismal .
0,Brenda and James are heartbroken .
0,Brenda and James are melancholy .
0,Brenda and James are mournful .
0,Brenda and James are somber .
0,Brenda and James are sorrowful .
1,Brenda and Lisa are cheerful .
1,Brenda and Lisa are contented .
1,Brenda and Lisa are delighted .
1,Brenda and Lisa are glad .
1,Brenda and Lisa are satisfied .
1,Brenda and Lisa are thrilled .
1,Brenda and Lisa are pleased .
0,Brenda and Lisa are unhappy .
0,Brenda and Lisa are bitter .
0,Brenda and Lisa are dismal .
0,Brenda and Lisa are heartbroken .
0,Brenda and Lisa are melancholy .
0,Brenda and Lisa are mournful .
0,Brenda and Lisa are somber .
0,Brenda and Lisa are sorrowful .
1,Brenda and Ashley are cheerful .
1,Brenda and Ashley are contented .
1,Brenda and Ashley are delighted .
1,Brenda and Ashley are glad .
1,Brenda and Ashley are satisfied .
1,Brenda and Ashley are thrilled .
1,Brenda and Ashley are pleased .
0,Brenda and Ashley are unhappy .
0,Brenda and Ashley are bitter .
0,Brenda and Ashley are dismal .
0,Brenda and Ashley are heartbroken .
0,Brenda and Ashley are melancholy .
0,Brenda and Ashley are mournful .
0,Brenda and Ashley are somber .
0,Brenda and Ashley are sorrowful .
1,Brenda and Carol are cheerful .
1,Brenda and Carol are contented .
1,Brenda and Carol are delighted .
1,Brenda and Carol are glad .
1,Brenda and Carol are satisfied .
1,Brenda and Carol are thrilled .
1,Brenda and Carol are pleased .
0,Brenda and Carol are unhappy .
0,Brenda and Carol are bitter .
0,Brenda and Carol are dismal .
0,Brenda and Carol are heartbroken .
0,Brenda and Carol are melancholy .
0,Brenda and Carol are mournful .
0,Brenda and Carol are somber .
0,Brenda and Carol are sorrowful .
